Center,ivory_garden_center,0,0,0,1,0,0,0,0,,,,

Star,Al Quaan Alpha,ivory_garden_center,0,0,0,1,0,0,0,5.00E+06,5

Body,Obregon,Al Quaan Alpha,40000000000.000000,0.000000,0,1,0,0,0,7321512.497330,2,0,1,18,21,255,255,255,0,0,0,127,44,34,255,0,0,
Body,Soham,Obregon,400000000.000000,0.000000,0,1,0,0,0,259308.541459,3,0,1,21,33,255,255,255,0,0,0,127,44,34,255,0,0,
Station,Manufacturing Station,Soham,15000000.000000,0.000000,0,1,0,0,0,0.00E+00,5,22,0,10,
Body,Ostir,Obregon,630000000.000000,30.000000,0,1,0,0,0,1234679.701723,3,0,1,26,41,255,255,255,0,0,0,127,44,34,255,0,0,
Station,STC Station,Ostir,15000000.000000,0.000000,0,1,0,0,0,0.00E+00,36,68,0,10,
Station,Processing Station,Ostir,15000000.000000,127.000000,0,1,0,0,0,0.00E+00,1,15,0,10,

Body,Faidi,Al Quaan Alpha,50000000000.000000,30.000000,0,1,0,0,0,9473372.600482,2,0,1,15,20,255,255,255,0,0,0,127,44,34,255,0,0,
Body,Ishai,Faidi,400000000.000000,30.000000,0,1,0,0,0,1913669.015326,3,0,1,17,38,255,255,255,0,0,0,127,44,34,255,0,0,
Station,Security Station,Ishai,15000000.000000,0.000000,0,1,0,0,0,0.00E+00,10,54,0,10,
Station,Military Garrison Station,Ishai,15000000.000000,127.000000,0,1,0,0,0,0.00E+00,15,71,0,10,

Body,Naveen,Al Quaan Alpha,62500000000.000000,60.000000,0,1,0,0,0,11557176.427503,2,0,1,19,9,255,255,255,0,0,0,127,44,34,255,0,0,
Station,Naveen Agricultural Station,Naveen,15000000.000000,0.000000,0,1,0,0,0,0.00E+00,2,48,0,10,
Body,Aziz,Naveen,400000000.000000,60.000000,0,1,0,0,0,1237751.812269,3,0,1,4,47,255,255,255,0,0,0,127,44,34,255,0,0,

Star,Al Quaan Beta,ivory_garden_center,0,0,0,1,0,0,0,5.00E+06,5
Lpoint,Soham Lpoint,Obregon,Soham,2,aleppo,new_const,,,,,
Lpoint,Ostir Lpoint,Obregon,Ostir,0,,,,,
