Center,li_po_center,0,0,0,1,0,0,0,0,,,,

Star,Li Po,li_po_center,0,0,0,1,0,0,0,5.00E+06,5

Body,Pyunyang,Li Po,40000000000.000000,0.000000,0,1,0,0,0,4330393.383587,2,0,1,29,46,255,255,255,0,0,0,127,44,34,255,0,0,
Body,Cheong 1,Pyunyang,400000000.000000,0.000000,0,1,0,0,0,1052716.585138,3,0,1,18,43,255,255,255,0,0,0,127,44,34,255,0,0,
Body,Cheong 2,Pyunyang,630000000.000000,30.000000,0,1,0,0,0,313651.199575,3,0,1,12,37,255,255,255,0,0,0,127,44,34,255,0,0,
Body,We,Pyunyang,860000000.000000,60.000000,0,1,0,0,0,665117.623735,3,0,1,2,50,255,255,255,0,0,0,127,44,34,255,0,0,
Station,Li Po Military Garrison,We,15000000.000000,0.000000,0,1,0,0,0,0.00E+00,15,71,0,10,
Station,Li Po Naval Shipyards,We,15000000.000000,127.000000,0,1,0,0,0,0.00E+00,7,21,0,10,

Body,Chenyuang,Li Po,50000000000.000000,30.000000,0,1,0,0,0,5042695.394757,2,0,1,24,50,255,255,255,0,0,0,127,44,34,255,0,0,
Station,Li Po STC,Chenyuang,15000000.000000,0.000000,0,1,0,0,0,0.00E+00,36,68,0,10,
Station,Li Po Station,Chenyuang,15000000.000000,127.000000,0,1,0,0,0,0.00E+00,17,45,0,10,
Body,Lau,Chenyuang,400000000.000000,30.000000,0,1,0,0,0,844708.166038,3,0,1,6,37,255,255,255,0,0,0,127,44,34,255,0,0,
Station,Lau System Defense Station,Lau,15000000.000000,0.000000,0,1,0,0,0,0.00E+00,10,54,0,10,

Body,Tu Fu,Li Po,62500000000.000000,60.000000,0,1,0,0,0,7607165.746025,2,0,1,27,13,255,255,255,0,0,0,127,44,34,255,0,0,
Body,Hyland,Tu Fu,400000000.000000,60.000000,0,1,0,0,0,747851.259711,3,0,1,22,50,255,255,255,0,0,0,127,44,34,255,0,0,
Body,Gibbs,Tu Fu,630000000.000000,90.000000,0,1,0,0,0,631706.129863,3,0,1,5,40,255,255,255,0,0,0,127,44,34,255,0,0,
Station,Gibbs Agricultural orbital,Gibbs,15000000.000000,0.000000,0,1,0,0,0,0.00E+00,2,48,0,10,
Body,Lafferty,Tu Fu,860000000.000000,120.000000,0,1,0,0,0,1720667.542608,3,0,1,17,31,255,255,255,0,0,0,127,44,34,255,0,0,
Lpoint,Gibbs Lpoint,Tu Fu,Gibbs,2,tau_tsun,kronholm,,,,,
Lpoint,Lau Lpoint,Chenyuang,Lau,3,providence,xu_xuan,ripon,,,,,
