Center,tau_tsun_center,0,0,0,1,0,0,0,0,,,,

Star,Tau Tsun,tau_tsun_center,0,0,0,1,0,0,0,5.00E+06,5

Body,Shiang,Tau Tsun,40000000000.000000,0.000000,0,1,0,0,0,2144962.920011,2,0,1,14,33,255,255,255,0,0,0,127,44,34,255,0,0,
Body,Mirko,Shiang,400000000.000000,0.000000,0,1,0,0,0,365607.465464,3,0,1,11,31,255,255,255,0,0,0,127,44,34,255,0,0,
Body,Sho,Shiang,630000000.000000,30.000000,0,1,0,0,0,332674.101039,3,0,1,18,50,255,255,255,0,0,0,127,44,34,255,0,0,
Station,Sho Mineral Processing,Sho,15000000.000000,0.000000,0,1,0,0,0,0.00E+00,1,15,0,10,

Body,Dengo,Tau Tsun,50000000000.000000,30.000000,0,1,0,0,0,6321726.126896,2,0,1,28,20,255,255,255,0,0,0,127,44,34,255,0,0,

Body,Tseng,Tau Tsun,62500000000.000000,60.000000,0,1,0,0,0,7331278.420362,2,0,1,0,52,255,255,255,0,0,0,127,44,34,255,0,0,
Body,Chui Gon,Tseng,400000000.000000,60.000000,0,1,0,0,0,1619455.116560,3,0,1,13,46,255,255,255,0,0,0,127,44,34,255,0,0,
Station,Forbidden Orbital Imperial HQ,Chui Gon,15000000.000000,0.000000,0,1,0,0,0,0.00E+00,17,45,0,10,
Station,Tau Tsun STC,Chui Gon,15000000.000000,127.000000,0,1,0,0,0,0.00E+00,36,68,0,10,
Station,Imperial Customs and Security Station,Chui Gon,15000000.000000,254.000000,0,1,0,0,0,0.00E+00,10,54,0,10,
Station,Tau Tsun Trade and Commerce Station,Chui Gon,15000000.000000,21.000000,0,1,0,0,0,0.00E+00,17,45,0,10,
Station,Tau Tsun Transfer Station,Chui Gon,15000000.000000,148.000000,0,1,0,0,0,0.00E+00,0,122,0,10,
Station,Chui Gon Manufacturing Facility,Chui Gon,15000000.000000,275.000000,0,1,0,0,0,0.00E+00,5,22,0,10,
Station,Tau Tsun System Defense Station,Chui Gon,15000000.000000,42.000000,0,1,0,0,0,0.00E+00,15,71,0,10,
Body,Sook,Tseng,630000000.000000,90.000000,0,1,0,0,0,777010.769724,3,0,1,18,41,255,255,255,0,0,0,127,44,34,255,0,0,
Station,Imperial Naval Academy,Sook,15000000.000000,0.000000,0,1,0,0,0,0.00E+00,17,45,0,10,
Body,Jai,Tseng,860000000.000000,120.000000,0,1,0,0,0,1135774.196556,3,0,1,1,39,255,255,255,0,0,0,127,44,34,255,0,0,
Station,MelNet FTL Relay Station,Jai,15000000.000000,0.000000,0,1,0,0,0,0.00E+00,18,88,0,10,
Lpoint,Sook Lpoint,Tseng,Sook,2,kronholm,li_po,,,,,
Lpoint,Mirko Lpoint,Shiang,Mirko,1,xu_xuan,,,,,
